img_name,mos,std,split,c1,c2,c3,c4,c5,c_total
10004473376.jpg,77.3836206897,0.527277894494,0,0.0,0.0,0.238095238095,0.695238095238,0.0666666666667,105
10007357496.jpg,68.7285714286,0.580003024795,2,0.0,0.03125,0.46875,0.489583333333,0.0104166666667,96
10007903636.jpg,78.6285714286,0.527219618675,0,0.0104166666667,0.0,0.208333333333,0.760416666667,0.0208333333333,96
10009096245.jpg,77.24375,0.556217750099,0,0.0,0.0,0.192660550459,0.688073394495,0.119266055046,109
100117038.jpg,75.1125,0.532859638122,0,0.0,0.01,0.21,0.72,0.06,100
10012398043.jpg,65.1495327103,0.619192992472,0,0.0,0.0679611650485,0.533980582524,0.388349514563,0.00970873786408,103
10013822223.jpg,68.30625,0.531258125582,0,0.0,0.0,0.436363636364,0.545454545455,0.0181818181818,110
10014002683.jpg,64.7627118644,0.650730462458,0,0.0,0.0566037735849,0.433962264151,0.481132075472,0.0283018867925,106
10017119924.jpg,66.2243589744,0.548544347251,0,0.0,0.027027027027,0.522522522523,0.45045045045,0.0,111
10020766793.jpg,81.50625,0.529297934147,2,0.0,0.0,0.100917431193,0.715596330275,0.183486238532,109
10020891105.jpg,56.8297413793,0.445865843302,2,0.0,0.0392156862745,0.78431372549,0.176470588235,0.0,102
10022757465.jpg,71.0154867257,0.596387169277,2,0.0,0.0285714285714,0.304761904762,0.628571428571,0.0380952380952,105
10022844623.jpg,60.925,0.603249467802,0,0.00980392156863,0.0490196078431,0.588235294118,0.352941176471,0.0,102
10027545463.jpg,72.8279816514,0.539274806593,0,0.0,0.0,0.303921568627,0.647058823529,0.0490196078431,102
10027582235.jpg,77.1377118644,0.491687201382,0,0.0,0.0,0.224299065421,0.728971962617,0.0467289719626,107
10029841663.jpg,70.125,0.570670577952,0,0.0,0.0298507462687,0.485074626866,0.477611940299,0.00746268656716,134
10031298826.jpg,50.5681818182,0.523463810781,0,0.00819672131148,0.180327868852,0.737704918033,0.0737704918033,0.0,122
10031913154.jpg,70.5,0.584705756305,0,0.0,0.0298507462687,0.470149253731,0.485074626866,0.0149253731343,134
10039534103.jpg,76.075,0.483915144465,2,0.0,0.0,0.317757009346,0.672897196262,0.00934579439252,107
10041870415.jpg,66.4210526316,0.537520515613,0,0.0,0.0192307692308,0.509615384615,0.471153846154,0.0,104
10043785683.jpg,71.2043269231,0.497974333332,1,0.0,0.0,0.433962264151,0.566037735849,0.0,106
10047832035.jpg,71.8,0.537320082713,0,0.0,0.0,0.376237623762,0.594059405941,0.029702970297,101
10048365153.jpg,58.092920354,0.611280104646,0,0.00990099009901,0.118811881188,0.653465346535,0.217821782178,0.0,101
10050349236.jpg,30.9418103448,0.532846555181,2,0.0588235294118,0.676470588235,0.264705882353,0.0,0.0,102
10058760545.jpg,15.2293577982,0.615949624072,0,0.45,0.48,0.07,0.0,0.0,100
10059344614.jpg,68.6651376147,0.594588390011,1,0.0,0.03,0.46,0.49,0.02,100
10061596254.jpg,59.6418918919,0.534640290117,1,0.0,0.0747663551402,0.691588785047,0.233644859813,0.0,107
10067457634.jpg,78.4390756303,0.44527191065,1,0.0,0.0,0.137614678899,0.798165137615,0.0642201834862,109
10068507976.jpg,57.6548672566,0.540981099909,0,0.0,0.1,0.7,0.2,0.0,110
10068778516.jpg,71.8782608696,0.553601074761,0,0.0,0.00877192982456,0.333333333333,0.622807017544,0.0350877192982,114
10069534975.jpg,73.7222222222,0.508409719675,0,0.0,0.00925925925926,0.314814814815,0.666666666667,0.00925925925926,108
10071864114.jpg,71.9090909091,0.532638100593,0,0.0,0.00892857142857,0.276785714286,0.678571428571,0.0357142857143,112
10075168775.jpg,74.7785714286,0.549887477239,0,0.0,0.00990099009901,0.29702970297,0.653465346535,0.039603960396,101
10077468576.jpg,73.8152173913,0.514305679956,0,0.0,0.0,0.358490566038,0.622641509434,0.0188679245283,106
10077880165.jpg,31.2256637168,0.587380265521,0,0.0833333333333,0.648148148148,0.259259259259,0.00925925925926,0.0,108
10079711433.jpg,59.0625,0.530091494771,0,0.0,0.0833333333333,0.704545454545,0.212121212121,0.0,132
10082923485.jpg,53.2260869565,0.509707848785,1,0.0,0.153846153846,0.740384615385,0.105769230769,0.0,104
10086300493.jpg,68.3026315789,0.591841222578,2,0.0,0.0194174757282,0.47572815534,0.47572815534,0.0291262135922,103
100882570.jpg,65.474789916,0.654811096145,0,0.0,0.0606060606061,0.494949494949,0.414141414141,0.030303030303,99
10089027076.jpg,23.0785714286,0.656991053761,0,0.268518518519,0.611111111111,0.101851851852,0.0185185185185,0.0,108
10089177336.jpg,72.9459459459,0.581224381954,1,0.0,0.00990099009901,0.306930693069,0.623762376238,0.0594059405941,101
10091520555.jpg,33.6443965517,0.537539567904,0,0.0377358490566,0.622641509434,0.339622641509,0.0,0.0,106
10093057603.jpg,63.4955752212,0.563653528279,2,0.0,0.0392156862745,0.539215686275,0.421568627451,0.0,102
10094235786.jpg,62.1559633028,0.489382212075,0,0.0,0.02,0.69,0.29,0.0,100
10110458216.jpg,64.7293577982,0.580055727034,0,0.0,0.04,0.56,0.39,0.01,100
10111411235.jpg,18.4705882353,0.580716241135,0,0.362831858407,0.575221238938,0.0619469026549,0.0,0.0,113
10113730664.jpg,68.8125,0.516561942375,2,0.0,0.0077519379845,0.511627906977,0.480620155039,0.0,129
10115071674.jpg,72.775,0.633073072765,0,0.0,0.0183486238532,0.311926605505,0.587155963303,0.0825688073394,109
10118773964.jpg,53.0733944954,0.546274511198,0,0.0,0.118811881188,0.732673267327,0.138613861386,0.00990099009901,101
10121813934.jpg,65.3980582524,0.693111051999,0,0.0,0.104761904762,0.457142857143,0.419047619048,0.0190476190476,105
10125013364.jpg,31.2711538462,0.596328559628,0,0.0992366412214,0.610687022901,0.290076335878,0.0,0.0,131
10126177964.jpg,70.9078947368,0.610392497512,2,0.0,0.00917431192661,0.440366972477,0.495412844037,0.0550458715596,109
10126857344.jpg,68.7331932773,0.613021764622,0,0.0,0.0526315789474,0.385964912281,0.552631578947,0.00877192982456,114
10130566006.jpg,71.95,0.607307995089,0,0.0,0.00943396226415,0.358490566038,0.566037735849,0.0660377358491,106
10131980434.jpg,61.0279850746,0.566427615171,0,0.00740740740741,0.0592592592593,0.666666666667,0.266666666667,0.0,135
10133867305.jpg,58.1607142857,0.520636409659,0,0.0,0.0571428571429,0.695238095238,0.247619047619,0.0,105
10134737015.jpg,54.5903361345,0.651490701403,0,0.00934579439252,0.177570093458,0.607476635514,0.205607476636,0.0,107
10140071304.jpg,62.5576923077,0.613478905742,1,0.0,0.0679611650485,0.611650485437,0.300970873786,0.0194174757282,103
10147970884.jpg,76.8561946903,0.476988917605,0,0.0,0.0,0.225225225225,0.738738738739,0.036036036036,111
10153847086.jpg,59.23125,0.569498828859,0,0.0,0.0825688073394,0.678899082569,0.229357798165,0.00917431192661,109
10154367094.jpg,74.1120689655,0.545187665243,2,0.0,0.017094017094,0.393162393162,0.581196581197,0.00854700854701,117
10154991453.jpg,74.185483871,0.585540043769,2,0.0,0.031746031746,0.380952380952,0.571428571429,0.015873015873,126
10155925686.jpg,52.8798076923,0.633327822674,0,0.0,0.203883495146,0.631067961165,0.155339805825,0.00970873786408,103
101601008.jpg,61.0875,0.679869268479,0,0.0,0.1,0.5,0.38,0.02,100
10164654253.jpg,52.9220183486,0.540388935879,0,0.0,0.16,0.71,0.13,0.0,100
10164842933.jpg,76.69375,0.532893966726,1,0.0,0.00884955752212,0.212389380531,0.716814159292,0.0619469026549,113
10169304416.jpg,80.8716814159,0.527277894494,2,0.0,0.00952380952381,0.12380952381,0.752380952381,0.114285714286,105
10173544123.jpg,65.1055555556,0.565290835512,2,0.0,0.0381679389313,0.587786259542,0.36641221374,0.00763358778626,131
10177270623.jpg,59.4800884956,0.755038726779,0,0.0196078431373,0.107843137255,0.43137254902,0.43137254902,0.00980392156863,102
10177793964.jpg,68.5218446602,0.533459499682,0,0.0,0.020618556701,0.556701030928,0.422680412371,0.0,97
10178112894.jpg,40.2586206897,0.604341882143,0,0.0188679245283,0.462264150943,0.481132075472,0.0377358490566,0.0,106
10178183416.jpg,75.6842105263,0.551044598817,2,0.0,0.0,0.308411214953,0.635514018692,0.0560747663551,107
10178914656.jpg,69.7991071429,0.520901837364,0,0.0,0.0,0.5,0.490566037736,0.00943396226415,106
10183769356.jpg,70.0472972973,0.613940613515,0,0.0,0.0190476190476,0.409523809524,0.52380952381,0.047619047619,105
10186643874.jpg,51.5731707317,0.545632005764,0,0.00793650793651,0.190476190476,0.714285714286,0.0873015873016,0.0,126
10186680555.jpg,55.3362068966,0.595524131992,0,0.0,0.134615384615,0.673076923077,0.182692307692,0.00961538461538,104
10186832194.jpg,57.5818584071,0.761837278954,2,0.00990099009901,0.138613861386,0.534653465347,0.277227722772,0.039603960396,101
10187102065.jpg,38.7142857143,0.646873031394,2,0.018691588785,0.588785046729,0.327102803738,0.0654205607477,0.0,107
10187522803.jpg,68.4601769912,0.520603531858,2,0.0,0.0,0.509259259259,0.481481481481,0.00925925925926,108
10191607755.jpg,79.4115044248,0.660033002475,0,0.0,0.0196078431373,0.156862745098,0.627450980392,0.196078431373,102
10196228605.jpg,63.8040540541,0.563699396262,0,0.0,0.0462962962963,0.574074074074,0.37962962963,0.0,108
10203647273.jpg,73.5021186441,0.579433564059,0,0.0,0.018691588785,0.289719626168,0.644859813084,0.0467289719626,107
10205220286.jpg,29.2638888889,0.51509121306,0,0.0849056603774,0.72641509434,0.188679245283,0.0,0.0,106
10206674394.jpg,79.1100917431,0.477366513152,2,0.0,0.0,0.18,0.76,0.06,100
10207172624.jpg,62.5344036697,0.619325727252,0,0.0,0.0594059405941,0.485148514851,0.445544554455,0.00990099009901,101
10209014225.jpg,64.8411214953,0.558390410586,0,0.0,0.0384615384615,0.557692307692,0.403846153846,0.0,104
10209917915.jpg,46.9097222222,0.681237582462,2,0.00980392156863,0.343137254902,0.539215686275,0.0980392156863,0.00980392156863,102
10211880874.jpg,35.0487288136,0.678667047515,0,0.11214953271,0.476635514019,0.401869158879,0.00934579439252,0.0,107
10213881683.jpg,37.1232142857,0.58293637287,0,0.0367647058824,0.566176470588,0.382352941176,0.0147058823529,0.0,136
10218118033.jpg,75.6659663866,0.527334302993,0,0.0,0.00934579439252,0.233644859813,0.710280373832,0.0467289719626,107
10221144393.jpg,18.2756410256,0.505598349888,0,0.336363636364,0.645454545455,0.0181818181818,0.0,0.0,110
10224586444.jpg,37.975,0.557070993351,0,0.0196078431373,0.509803921569,0.460784313725,0.00980392156863,0.0,102
10226277514.jpg,43.2162162162,0.613782990762,0,0.0188679245283,0.415094339623,0.518867924528,0.0471698113208,0.0,106
10226524916.jpg,20.6216216216,0.737321569233,2,0.355140186916,0.485981308411,0.140186915888,0.018691588785,0.0,107
10227210045.jpg,70.4245283019,0.622718565915,0,0.0,0.0485436893204,0.466019417476,0.466019417476,0.0194174757282,103
10241630856.jpg,63.6573275862,0.583695818578,0,0.0,0.0471698113208,0.575471698113,0.367924528302,0.00943396226415,106
10241895785.jpg,67.0736607143,0.619961126985,1,0.0,0.0388349514563,0.378640776699,0.553398058252,0.0291262135922,103
10244314384.jpg,47.5481651376,0.713071770374,1,0.0194174757282,0.330097087379,0.504854368932,0.145631067961,0.0,103
10244715656.jpg,53.3223684211,0.685637323157,0,0.00917431192661,0.229357798165,0.559633027523,0.201834862385,0.0,109
10246311914.jpg,75.4579831933,0.546062031132,1,0.0,0.0,0.233644859813,0.682242990654,0.0841121495327,107
10246318724.jpg,74.3581081081,0.493716128412,2,0.0,0.0,0.22641509434,0.72641509434,0.0471698113208,106
10258169584.jpg,57.2302631579,0.562080124123,0,0.0,0.0952380952381,0.666666666667,0.238095238095,0.0,105
10260190424.jpg,68.8652173913,0.555269916185,0,0.0,0.0,0.518518518519,0.453703703704,0.0277777777778,108
1026198859.jpg,70.2715517241,0.550561530173,0,0.0,0.0192307692308,0.384615384615,0.586538461538,0.00961538461538,104
10262588616.jpg,61.4485981308,0.538891492236,0,0.01,0.02,0.68,0.29,0.0,100
10264804094.jpg,76.6495535714,0.488594073759,1,0.0,0.00943396226415,0.264150943396,0.716981132075,0.00943396226415,106
10264984793.jpg,66.1,0.610307502432,1,0.0,0.039603960396,0.445544554455,0.49504950495,0.019801980198,101
10265315316.jpg,62.9513888889,0.5261553465,0,0.0,0.0196078431373,0.656862745098,0.313725490196,0.00980392156863,102
10265809113.jpg,73.7767857143,0.512363793752,0,0.0,0.0,0.349514563107,0.631067961165,0.0194174757282,103
10273804555.jpg,68.3026315789,0.638493255284,2,0.0,0.0384615384615,0.451923076923,0.471153846154,0.0384615384615,104
10278246465.jpg,70.8416030534,0.531014824827,0,0.0,0.015503875969,0.434108527132,0.550387596899,0.0,129
10279904885.jpg,44.0400943396,0.739029158225,2,0.0291262135922,0.417475728155,0.446601941748,0.0970873786408,0.00970873786408,103
10280683815.jpg,77.425,0.559431873028,0,0.0,0.00970873786408,0.291262135922,0.650485436893,0.0485436893204,103
10280835505.jpg,31.2256637168,0.565953205047,0,0.06,0.66,0.27,0.01,0.0,100
10283619534.jpg,77.9740566038,0.563090318751,0,0.0,0.02,0.3,0.65,0.03,100
10287677265.jpg,64.1272321429,0.655606171824,0,0.00980392156863,0.0490196078431,0.411764705882,0.519607843137,0.00980392156863,102
10289468185.jpg,73.525,0.543002288346,0,0.0,0.0,0.346534653465,0.613861386139,0.039603960396,101
10290759976.jpg,77.9256756757,0.465648449975,0,0.0,0.0,0.223300970874,0.747572815534,0.0291262135922,103
1029470257.jpg,43.0961538462,0.554779693014,2,0.0,0.405405405405,0.558558558559,0.036036036036,0.0,111
10295875445.jpg,62.5630252101,0.610392497512,0,0.0,0.0550458715596,0.495412844037,0.440366972477,0.00917431192661,109
10296038236.jpg,40.6438053097,0.615934077342,0,0.00917431192661,0.477064220183,0.477064220183,0.0275229357798,0.00917431192661,109
10299438733.jpg,55.2683486239,0.588836811456,2,0.0,0.127450980392,0.647058823529,0.225490196078,0.0,102
102995966.jpg,16.4600840336,0.610387430682,0,0.442307692308,0.490384615385,0.0673076923077,0.0,0.0,104
10316734944.jpg,67.3055555556,0.539710226615,0,0.0,0.019801980198,0.49504950495,0.485148514851,0.0,101
10319186405.jpg,55.5540540541,0.682305409413,2,0.0,0.176470588235,0.558823529412,0.254901960784,0.00980392156863,102
10319713194.jpg,7.99152542373,0.444833056187,0,0.732142857143,0.267857142857,0.0,0.0,0.0,112
10325321.jpg,76.8717948718,0.534035742959,0,0.0,0.0,0.211538461538,0.701923076923,0.0865384615385,104
10327985614.jpg,75.1026785714,0.599439085417,0,0.0,0.00917431192661,0.311926605505,0.605504587156,0.0733944954128,109
10329149264.jpg,71.9797297297,0.506861066174,0,0.0,0.0,0.298076923077,0.673076923077,0.0288461538462,104
10329235193.jpg,84.1292372881,0.682328891058,0,0.0,0.0178571428571,0.151785714286,0.589285714286,0.241071428571,112
10330831494.jpg,48.5321100917,0.578427215228,2,0.00961538461538,0.278846153846,0.644230769231,0.0673076923077,0.0,104
10335072144.jpg,62.1610576923,0.698260932675,2,0.0,0.14953271028,0.457943925234,0.392523364486,0.0,107
10336689775.jpg,65.1811023622,0.537589004709,0,0.0,0.031007751938,0.596899224806,0.372093023256,0.0,129
103400056.jpg,77.8625,0.695660291539,0,0.0,0.0288461538462,0.173076923077,0.605769230769,0.192307692308,104
10342569703.jpg,38.6081081081,0.536325605532,2,0.00970873786408,0.553398058252,0.427184466019,0.00970873786408,0.0,103
10344523015.jpg,52.5263157895,0.606871919907,1,0.00925925925926,0.194444444444,0.657407407407,0.138888888889,0.0,108
10344921126.jpg,4.46638655462,0.355530070442,0,0.853211009174,0.146788990826,0.0,0.0,0.0,109
10346758803.jpg,63.5336134454,0.747934449397,0,0.0,0.108910891089,0.445544554455,0.39603960396,0.049504950495,101
10346796664.jpg,70.6504424779,0.547159819942,0,0.0,0.00961538461538,0.394230769231,0.576923076923,0.0192307692308,104
10349956885.jpg,69.75,0.60944940022,2,0.0,0.0285714285714,0.304761904762,0.619047619048,0.047619047619,105
10350497833.jpg,58.2605932203,0.661887632529,2,0.0190476190476,0.0857142857143,0.628571428571,0.257142857143,0.00952380952381,105
10351189716.jpg,61.01875,0.484067818792,2,0.0,0.0188679245283,0.698113207547,0.283018867925,0.0,106
10353620913.jpg,56.7071428571,0.67227306763,0,0.00980392156863,0.166666666667,0.578431372549,0.245098039216,0.0,102
10358252894.jpg,64.4615384615,0.510936637281,0,0.0,0.021897810219,0.642335766423,0.335766423358,0.0,137
10362672006.jpg,75.8189655172,0.471360511593,2,0.0,0.00961538461538,0.182692307692,0.778846153846,0.0288461538462,104
10366373284.jpg,75.4545454545,0.46740610658,2,0.00892857142857,0.0,0.125,0.839285714286,0.0267857142857,112
1036840624.jpg,28.3382352941,0.528154682286,0,0.0833333333333,0.708333333333,0.208333333333,0.0,0.0,96
10371125786.jpg,38.2451456311,0.600976007152,1,0.0190476190476,0.580952380952,0.361904761905,0.0380952380952,0.0,105
10371211803.jpg,66.38125,0.517396477611,0,0.0,0.0,0.557522123894,0.433628318584,0.00884955752212,113
10372323314.jpg,65.3361344538,0.514486043104,0,0.0,0.0,0.587155963303,0.403669724771,0.00917431192661,109
10373546175.jpg,61.9538834951,0.541419833394,0,0.0,0.0707070707071,0.676767676768,0.252525252525,0.0,99
10375167904.jpg,62.4080188679,0.534211081244,0,0.0,0.0686274509804,0.686274509804,0.245098039216,0.0,102
10382843045.jpg,48.6347826087,0.613438624054,0,0.00961538461538,0.278846153846,0.615384615385,0.0961538461538,0.0,104
10387390396.jpg,74.3417431193,0.519863111758,0,0.0,0.0,0.375,0.605769230769,0.0192307692308,104
10387844376.jpg,65.6134453782,0.700346984532,0,0.0,0.0917431192661,0.394495412844,0.48623853211,0.0275229357798,109
10388184626.jpg,78.5802752294,0.544856574585,0,0.0,0.01,0.23,0.7,0.06,100
10395523125.jpg,60.5069444444,0.634799414799,0,0.0,0.0990099009901,0.574257425743,0.316831683168,0.00990099009901,101
10397166423.jpg,73.935840708,0.536154617345,2,0.0,0.0,0.385321100917,0.587155963303,0.0275229357798,109
10397631976.jpg,73.724789916,0.517886730368,0,0.0,0.0,0.327102803738,0.644859813084,0.0280373831776,107
10399580503.jpg,76.6371681416,0.501584494605,0,0.0,0.0,0.259615384615,0.701923076923,0.0384615384615,104
10403509543.jpg,68.0117924528,0.539341008016,0,0.0,0.0192307692308,0.480769230769,0.5,0.0,104
10407720764.jpg,38.6261682243,0.571717448941,0,0.00970873786408,0.572815533981,0.388349514563,0.0291262135922,0.0,103
10408374535.jpg,48.9217391304,0.578519870617,0,0.0,0.289719626168,0.626168224299,0.0841121495327,0.0,107
10408474376.jpg,81.4894957983,0.489266372662,0,0.0,0.0,0.137614678899,0.761467889908,0.100917431193,109
10409059825.jpg,73.1513157895,0.514305679956,1,0.0,0.0,0.358490566038,0.622641509434,0.0188679245283,106
10410038143.jpg,78.1659482759,0.586022871581,0,0.0,0.00970873786408,0.194174757282,0.679611650485,0.116504854369,103
10412894895.jpg,57.4121621622,0.469149240755,0,0.0,0.06,0.77,0.17,0.0,100
10414716033.jpg,71.0878378378,0.539687072221,1,0.0,0.0,0.388349514563,0.582524271845,0.0291262135922,103
10415628976.jpg,20.0868644068,0.680200100197,0,0.371900826446,0.487603305785,0.140495867769,0.0,0.0,121
10415631353.jpg,43.0819327731,0.625377901383,1,0.00917431192661,0.449541284404,0.477064220183,0.0642201834862,0.0,109
104219737.jpg,50.2954545455,0.732592591066,0,0.00980392156863,0.28431372549,0.490196078431,0.21568627451,0.0,102
10422425365.jpg,72.5723684211,0.507566510298,0,0.0,0.019801980198,0.207920792079,0.752475247525,0.019801980198,101
10422776735.jpg,69.772,0.532856930082,0,0.0,0.015873015873,0.460317460317,0.52380952381,0.0,126
10423472445.jpg,72.5705128205,0.508558938074,0,0.0,0.00909090909091,0.372727272727,0.618181818182,0.0,110
10429780626.jpg,72.0285714286,0.498682474653,0,0.0,0.0,0.4375,0.5625,0.0,96
10430002553.jpg,77.5206422018,0.545319848689,0,0.0,0.01,0.21,0.71,0.07,100
10430335945.jpg,39.974137931,0.589287415936,0,0.0283018867925,0.443396226415,0.509433962264,0.0188679245283,0.0,106
10440370734.jpg,39.2436440678,0.657815865222,0,0.0366972477064,0.550458715596,0.357798165138,0.0550458715596,0.0,109
10442628686.jpg,41.5810810811,0.610418285311,0,0.0428571428571,0.342857142857,0.592857142857,0.0214285714286,0.0,140
10446770756.jpg,73.0288461538,0.578861440139,0,0.0,0.0,0.421568627451,0.529411764706,0.0490196078431,102
10446810546.jpg,74.734375,0.532338521744,0,0.0,0.0,0.330275229358,0.633027522936,0.0366972477064,109
10451177016.jpg,70.9357798165,0.602962980983,0,0.0,0.019801980198,0.405940594059,0.534653465347,0.039603960396,101
10453950204.jpg,58.975,0.491507851676,1,0.0,0.0560747663551,0.738317757009,0.205607476636,0.0,107
10458591.jpg,51.4871794872,0.700070717786,1,0.0,0.277227722772,0.564356435644,0.138613861386,0.019801980198,101
10458703674.jpg,38.1615044248,0.623739264255,2,0.0490196078431,0.578431372549,0.343137254902,0.0294117647059,0.0,102
10459022813.jpg,79.9642857143,0.493834317278,0,0.0,0.0,0.140186915888,0.757009345794,0.102803738318,107
10463545414.jpg,55.0444915254,0.49991504545,1,0.0,0.119266055046,0.752293577982,0.128440366972,0.0,109
10463583515.jpg,76.6973684211,0.457926816966,0,0.0,0.0,0.21,0.76,0.03,100
10464940425.jpg,71.3851351351,0.530325259859,0,0.0,0.0,0.432432432432,0.54954954955,0.018018018018,111
10465121613.jpg,61.5723684211,0.566507769342,1,0.0,0.0467289719626,0.626168224299,0.317757009346,0.00934579439252,107
10465293055.jpg,76.5366972477,0.54272042024,0,0.0,0.01,0.25,0.69,0.05,100
10466350116.jpg,77.2243589744,0.540508364551,1,0.0,0.0,0.25,0.678571428571,0.0714285714286,112
10466453556.jpg,28.8004201681,0.513256432321,0,0.103773584906,0.735849056604,0.160377358491,0.0,0.0,106
10468110795.jpg,61.4754464286,0.607307995089,2,0.0,0.0660377358491,0.566037735849,0.358490566038,0.00943396226415,106
10468540574.jpg,67.075,0.62632038744,0,0.0,0.039603960396,0.465346534653,0.465346534653,0.029702970297,101
10469774844.jpg,59.6034482759,0.561556873138,2,0.00909090909091,0.0636363636364,0.690909090909,0.236363636364,0.0,110
10471406506.jpg,28.2884615385,0.546364840156,0,0.115044247788,0.699115044248,0.185840707965,0.0,0.0,113
10474002734.jpg,80.7745535714,0.42475086509,2,0.0,0.0,0.188679245283,0.792452830189,0.0188679245283,106
10475435053.jpg,57.8487394958,0.684101646394,0,0.0,0.140186915888,0.598130841121,0.233644859813,0.0280373831776,107
10475658035.jpg,83.225,0.584805917603,0,0.0,0.0,0.110091743119,0.642201834862,0.247706422018,109
10481974434.jpg,42.4615384615,0.641328473797,0,0.018018018018,0.459459459459,0.459459459459,0.0630630630631,0.0,111
10486107003.jpg,67.9930555556,0.564175777586,2,0.0,0.0388349514563,0.533980582524,0.427184466019,0.0,103
10490369963.jpg,39.0540540541,0.638273904602,0,0.0288461538462,0.509615384615,0.413461538462,0.0480769230769,0.0,104
10491358066.jpg,64.45,0.622037533489,0,0.0,0.049504950495,0.49504950495,0.435643564356,0.019801980198,101
10491423125.jpg,72.5,0.596485664746,2,0.0,0.0283018867925,0.367924528302,0.575471698113,0.0283018867925,106
10492897986.jpg,44.6283783784,0.577894682577,1,0.0188679245283,0.283018867925,0.650943396226,0.0471698113208,0.0,106
10505275743.jpg,75.25,0.536397960732,0,0.0,0.0,0.227722772277,0.693069306931,0.0792079207921,101
10506082433.jpg,41.9444444444,0.5691990328,0,0.00925925925926,0.453703703704,0.509259259259,0.0277777777778,0.0,108
10512432565.jpg,68.1785714286,0.587125434561,0,0.0,0.0366972477064,0.422018348624,0.532110091743,0.00917431192661,109
10513907744.jpg,59.4311926606,0.637227848535,1,0.0,0.122448979592,0.602040816327,0.265306122449,0.0102040816327,98
10516786036.jpg,73.94375,0.606203069161,0,0.0,0.00917431192661,0.256880733945,0.633027522936,0.100917431193,109
10517436165.jpg,42.4652173913,0.566623570867,0,0.0380952380952,0.333333333333,0.628571428571,0.0,0.0,105
10520192995.jpg,55.1630434783,0.591721869538,2,0.0,0.150943396226,0.650943396226,0.198113207547,0.0,106
10525460645.jpg,71.9652777778,0.632617876089,0,0.0,0.0288461538462,0.336538461538,0.576923076923,0.0576923076923,104
10526881085.jpg,44.4598214286,0.580870730284,2,0.0,0.385321100917,0.577981651376,0.0275229357798,0.00917431192661,109
10530470795.jpg,38.7567567568,0.605233242336,0,0.00943396226415,0.547169811321,0.396226415094,0.0471698113208,0.0,106
10532663625.jpg,70.2565789474,0.535432373635,0,0.0,0.00961538461538,0.423076923077,0.557692307692,0.00961538461538,104
10534454676.jpg,71.0891304348,0.523618013609,0,0.0,0.0,0.390476190476,0.590476190476,0.0190476190476,105
10535849673.jpg,47.9556074766,0.556600695387,0,0.0,0.255102040816,0.663265306122,0.0816326530612,0.0,98
10536668436.jpg,36.5432330827,0.574191505954,2,0.0384615384615,0.553846153846,0.4,0.00769230769231,0.0,130
10538085833.jpg,52.6710526316,0.612372435696,0,0.00657894736842,0.236842105263,0.631578947368,0.125,0.0,152
10539008983.jpg,71.0154867257,0.602407673504,2,0.0,0.045871559633,0.394495412844,0.550458715596,0.00917431192661,109
10539142034.jpg,78.1809210526,0.496166318337,0,0.0,0.00662251655629,0.264900662252,0.708609271523,0.0198675496689,151
10539341593.jpg,75.025,0.518375222486,0,0.0,0.00990099009901,0.336633663366,0.643564356436,0.00990099009901,101
10544775715.jpg,48.0642857143,0.565768024851,0,0.0,0.314814814815,0.62037037037,0.0648148148148,0.0,108
10544833625.jpg,50.5756880734,0.546274511198,1,0.0,0.168316831683,0.70297029703,0.128712871287,0.0,101
10544945153.jpg,50.8235294118,0.565038149624,0,0.0,0.259615384615,0.653846153846,0.0865384615385,0.0,104
10554234623.jpg,51.6092436975,0.48115563583,0,0.0,0.16814159292,0.761061946903,0.070796460177,0.0,113
10556629035.jpg,73.2821100917,0.556635202786,0,0.0,0.0196078431373,0.333333333333,0.627450980392,0.0196078431373,102
10558118243.jpg,75.8,0.569212239857,0,0.0,0.0,0.303571428571,0.625,0.0714285714286,112
105620456.jpg,55.8625,0.69879736477,2,0.00925925925926,0.166666666667,0.564814814815,0.25,0.00925925925926,108
10567114974.jpg,64.847826087,0.635216364797,2,0.0,0.0733944954128,0.48623853211,0.43119266055,0.00917431192661,109
10567188645.jpg,64.1575630252,0.526818930075,1,0.0,0.00943396226415,0.603773584906,0.377358490566,0.00943396226415,106
10568567754.jpg,75.1782608696,0.559190944754,0,0.0,0.018018018018,0.207207207207,0.711711711712,0.0630630630631,111
10569725133.jpg,74.3008849558,0.501100886444,0,0.0,0.0,0.261682242991,0.700934579439,0.0373831775701,107
1057328504.jpg,31.4955357143,0.650865864542,0,0.104761904762,0.542857142857,0.342857142857,0.00952380952381,0.0,105
10574233584.jpg,51.7110091743,0.679691251981,0,0.019801980198,0.217821782178,0.594059405941,0.168316831683,0.0,101
10575593285.jpg,59.2126168224,0.519191921437,0,0.0,0.0582524271845,0.699029126214,0.242718446602,0.0,103
10576676414.jpg,66.4107142857,0.546317391416,0,0.0,0.0314960629921,0.566929133858,0.40157480315,0.0,127
10579282866.jpg,63.3181818182,0.593562635546,0,0.0,0.0535714285714,0.482142857143,0.464285714286,0.0,112
1057997640.jpg,52.775862069,0.604167456107,0,0.00952380952381,0.161904761905,0.666666666667,0.161904761905,0.0,105
10581525775.jpg,63.3766891892,0.517474696642,0,0.0,0.0357142857143,0.664285714286,0.3,0.0,140
10582113466.jpg,58.1607142857,0.579716909616,2,0.0,0.115384615385,0.653846153846,0.230769230769,0.0,104
10583786994.jpg,60.1880733945,0.746700501216,0,0.0,0.137254901961,0.490196078431,0.333333333333,0.0392156862745,102
10586872235.jpg,41.6388888889,0.552377854191,0,0.0188679245283,0.405660377358,0.566037735849,0.00943396226415,0.0,106
10589450596.jpg,64.5773809524,0.601849002842,0,0.00793650793651,0.047619047619,0.611111111111,0.325396825397,0.00793650793651,126
10597114264.jpg,72.8928571429,0.515687954032,0,0.0,0.0,0.361904761905,0.619047619048,0.0190476190476,105
10602786066.jpg,27.7605042017,0.661127036293,0,0.175925925926,0.62037037037,0.185185185185,0.0185185185185,0.0,108
10603218265.jpg,71.8616071429,0.506007861642,2,0.0,0.00952380952381,0.304761904762,0.67619047619,0.00952380952381,105
10604417276.jpg,77.369266055,0.548083971307,0,0.0,0.0,0.267326732673,0.663366336634,0.0693069306931,101
10605846204.jpg,70.4620535714,0.518761168407,1,0.0,0.00917431192661,0.440366972477,0.550458715596,0.0,109
10609356094.jpg,67.0,0.680712834733,0,0.0,0.047619047619,0.485714285714,0.409523809524,0.0571428571429,105
10614052044.jpg,74.6207627119,0.499575082782,0,0.0,0.00917431192661,0.211009174312,0.743119266055,0.0366972477064,109
10615424764.jpg,74.1903669725,0.584767432372,0,0.0,0.0,0.394230769231,0.548076923077,0.0576923076923,104
10617981003.jpg,40.3175675676,0.573371239909,0,0.0285714285714,0.47619047619,0.485714285714,0.00952380952381,0.0,105
10619909515.jpg,60.7775423729,0.501628453763,1,0.0,0.0280373831776,0.682242990654,0.289719626168,0.0,107
10620203775.jpg,20.8611111111,0.718072442997,0,0.362745098039,0.480392156863,0.147058823529,0.00980392156863,0.0,102
10620356404.jpg,56.4543478261,0.576883220223,0,0.0,0.0943396226415,0.641509433962,0.264150943396,0.0,106
1062133952.jpg,60.9872881356,0.567044726225,0,0.0,0.0540540540541,0.684684684685,0.243243243243,0.018018018018,111
10625988224.jpg,66.8443396226,0.574146957824,2,0.0,0.0392156862745,0.578431372549,0.372549019608,0.00980392156863,102
10628337356.jpg,75.4042056075,0.547586189382,0,0.0,0.0288461538462,0.278846153846,0.682692307692,0.00961538461538,104
10628497685.jpg,54.947826087,0.63401165456,1,0.0,0.165137614679,0.596330275229,0.238532110092,0.0,109
10628645805.jpg,83.5808823529,0.549703861257,0,0.0,0.0,0.186274509804,0.696078431373,0.117647058824,102
10631219374.jpg,71.7142857143,0.586200489757,0,0.0,0.037037037037,0.388888888889,0.564814814815,0.00925925925926,108
10631630073.jpg,21.411637931,0.455330657134,0,0.190476190476,0.771428571429,0.0380952380952,0.0,0.0,105
1063351510.jpg,47.1153846154,0.599439085417,2,0.0,0.339449541284,0.577981651376,0.0825688073394,0.0,109
10633933603.jpg,58.8898305085,0.556854444704,2,0.0,0.0892857142857,0.669642857143,0.241071428571,0.0,112
10635160054.jpg,69.7049180328,0.517906475877,0,0.0,0.00806451612903,0.491935483871,0.5,0.0,124
1063722220.jpg,56.0233050847,0.484822890397,0,0.0,0.0990990990991,0.765765765766,0.135135135135,0.0,111
10642085843.jpg,74.8375,0.522800537534,0,0.0,0.0,0.233644859813,0.700934579439,0.0654205607477,107
10644234544.jpg,54.7289915966,0.562469952276,2,0.0,0.138888888889,0.685185185185,0.175925925926,0.0,108
106456452.jpg,25.2727272727,0.627565441877,0,0.19,0.64,0.16,0.01,0.0,100
10660362264.jpg,77.8932038835,0.563706987508,0,0.0,0.0,0.304761904762,0.628571428571,0.0666666666667,105
10660571735.jpg,47.702173913,0.598622937123,0,0.00892857142857,0.25,0.642857142857,0.0982142857143,0.0,112
10660620125.jpg,73.7898230088,0.581449514647,0,0.0,0.00900900900901,0.333333333333,0.603603603604,0.0540540540541,111
106652866.jpg,49.0441176471,0.695935118412,2,0.0,0.295918367347,0.510204081633,0.19387755102,0.0,98
10665464526.jpg,76.9138655462,0.517460692,0,0.0,0.0,0.190476190476,0.72380952381,0.0857142857143,105
10676427864.jpg,75.8726415094,0.457872793865,0,0.0,0.0,0.232323232323,0.747474747475,0.020202020202,99
1067765170.jpg,51.175,0.533484666709,2,0.0,0.214953271028,0.700934579439,0.0841121495327,0.0,107
10678199353.jpg,70.3611111111,0.520270984056,0,0.0,0.00925925925926,0.462962962963,0.527777777778,0.0,108
10678350303.jpg,66.786637931,0.641425597463,2,0.0,0.0350877192982,0.464912280702,0.456140350877,0.0438596491228,114
10679134563.jpg,33.2791262136,0.601212044603,0,0.0714285714286,0.65306122449,0.255102040816,0.0204081632653,0.0,98
10680153225.jpg,45.4065217391,0.630748496445,0,0.0188679245283,0.367924528302,0.547169811321,0.0660377358491,0.0,106
10680502673.jpg,78.75625,0.57392958488,1,0.0,0.00934579439252,0.14953271028,0.700934579439,0.140186915888,107
10680715605.jpg,37.3,0.639602149067,2,0.0545454545455,0.509090909091,0.409090909091,0.0272727272727,0.0,110
10680932454.jpg,51.39375,0.643079623273,2,0.0,0.25,0.583333333333,0.166666666667,0.0,108
10683218616.jpg,69.4391304348,0.542884236945,0,0.0,0.0178571428571,0.366071428571,0.607142857143,0.00892857142857,112
10686332213.jpg,57.4216101695,0.57438587854,1,0.0,0.11320754717,0.660377358491,0.22641509434,0.0,106
10689376076.jpg,59.2394067797,0.489051056834,2,0.0,0.0526315789474,0.771929824561,0.166666666667,0.00877192982456,114
10689538413.jpg,73.66875,0.589732736575,1,0.0,0.0185185185185,0.259259259259,0.657407407407,0.0648148148148,108
10689722684.jpg,76.14375,0.48013497583,0,0.0,0.0,0.175925925926,0.759259259259,0.0648148148148,108
10690294454.jpg,72.5,0.523326093823,0,0.0,0.0183486238532,0.339449541284,0.642201834862,0.0,109
10692654005.jpg,68.2,0.571620619163,1,0.0,0.0280373831776,0.485981308411,0.476635514019,0.00934579439252,107
10692667386.jpg,71.9033018868,0.583091924701,1,0.0,0.0,0.446601941748,0.504854368932,0.0485436893204,103
10692857705.jpg,68.9678899083,0.680025351544,0,0.0,0.0294117647059,0.43137254902,0.460784313725,0.078431372549,102
10693826785.jpg,53.2757009346,0.590881671836,0,0.0,0.182692307692,0.653846153846,0.163461538462,0.0,104
10694350076.jpg,73.1285714286,0.560405173725,1,0.0,0.0280373831776,0.336448598131,0.626168224299,0.00934579439252,107
10698962263.jpg,39.110619469,0.682405436645,0,0.030303030303,0.414141414141,0.474747474747,0.0808080808081,0.0,99
10705911926.jpg,70.7844036697,0.60126130053,0,0.0,0.02,0.39,0.55,0.04,100
10706770686.jpg,76.8519417476,0.47241993289,1,0.0,0.0,0.235849056604,0.735849056604,0.0283018867925,106
10713772814.jpg,62.3301886792,0.547738356359,0,0.0,0.0648148148148,0.657407407407,0.277777777778,0.0,108
10714662986.jpg,80.6551724138,0.452378179955,2,0.0,0.0,0.0884955752212,0.796460176991,0.115044247788,113
10715577856.jpg,45.213592233,0.666849791699,2,0.0285714285714,0.380952380952,0.514285714286,0.0761904761905,0.0,105
10721124556.jpg,58.4579646018,0.675065251843,2,0.0,0.154545454545,0.554545454545,0.281818181818,0.00909090909091,110
10723077086.jpg,71.8529411765,0.633661899923,0,0.0,0.0660377358491,0.320754716981,0.603773584906,0.00943396226415,106
10724461514.jpg,72.6631355932,0.566379500874,0,0.0,0.0185185185185,0.333333333333,0.62037037037,0.0277777777778,108
10724889206.jpg,63.5183486239,0.542046522902,0,0.0,0.030612244898,0.581632653061,0.387755102041,0.0,98
10728525673.jpg,68.3026315789,0.519144323841,1,0.0,0.00961538461538,0.432692307692,0.557692307692,0.0,104
10730634575.jpg,58.75,0.618364703591,0,0.0,0.153846153846,0.615384615385,0.230769230769,0.0,104
10732971054.jpg,51.1,0.505550630993,0,0.0,0.186274509804,0.735294117647,0.078431372549,0.0,102
10733259996.jpg,62.3197115385,0.509604719069,0,0.0,0.04,0.69,0.27,0.0,100
10737029565.jpg,63.0172413793,0.596387169277,0,0.0,0.0571428571429,0.571428571429,0.361904761905,0.00952380952381,105
10740242265.jpg,69.119266055,0.555141259664,0,0.0,0.03,0.37,0.6,0.0,100
10740725955.jpg,77.1482300885,0.414735380499,0,0.0,0.00980392156863,0.0980392156863,0.852941176471,0.0392156862745,102
10740727595.jpg,72.9125,0.534090950168,2,0.0,0.00917431192661,0.275229357798,0.678899082569,0.0366972477064,109
10745415703.jpg,69.1388888889,0.624092716684,0,0.0,0.0291262135922,0.495145631068,0.436893203883,0.0388349514563,103
10745932825.jpg,64.8846153846,0.587684325236,0,0.0,0.0377358490566,0.481132075472,0.471698113208,0.00943396226415,106
10747724694.jpg,58.4386792453,0.528456395467,0,0.0,0.0980392156863,0.71568627451,0.186274509804,0.0,102
107505789.jpg,54.35,0.594588390011,1,0.0,0.13,0.64,0.23,0.0,100
10751799554.jpg,71.995412844,0.573131666211,0,0.0,0.0196078431373,0.294117647059,0.647058823529,0.0392156862745,102
1075190309.jpg,38.2697368421,0.687126955429,0,0.0454545454545,0.481818181818,0.427272727273,0.0363636363636,0.00909090909091,110
10762659033.jpg,42.25,0.638495706859,2,0.01,0.47,0.45,0.07,0.0,100
10765812585.jpg,46.6448598131,0.628250755415,0,0.0188679245283,0.358490566038,0.556603773585,0.0660377358491,0.0,106
10767441335.jpg,74.2094594595,0.573809121695,2,0.0,0.00961538461538,0.269230769231,0.653846153846,0.0673076923077,104
10770026303.jpg,72.0825892857,0.501211470345,1,0.0,0.0,0.367924528302,0.622641509434,0.00943396226415,106
10770700455.jpg,60.74375,0.569520524673,2,0.0,0.0545454545455,0.636363636364,0.3,0.00909090909091,110
10773126784.jpg,78.475,0.480749592658,2,0.0,0.0,0.186274509804,0.754901960784,0.0588235294118,102
10775358296.jpg,37.7754237288,0.741966845967,0,0.0892857142857,0.473214285714,0.375,0.0625,0.0,112
10776111906.jpg,73.975,0.557576083695,2,0.0,0.0,0.346534653465,0.60396039604,0.049504950495,101
107799222.jpg,73.2727272727,0.525139690765,0,0.0,0.00980392156863,0.274509803922,0.686274509804,0.0294117647059,102
10783395635.jpg,71.9915966387,0.527368530639,0,0.0,0.0,0.412844036697,0.56880733945,0.0183486238532,109
10784159775.jpg,74.8849557522,0.508994997609,1,0.0,0.00980392156863,0.196078431373,0.745098039216,0.0490196078431,102
10786271105.jpg,67.7756410256,0.520152668934,0,0.0,0.00909090909091,0.490909090909,0.5,0.0,110
10787038944.jpg,60.4978813559,0.603388490032,0,0.0,0.0865384615385,0.576923076923,0.336538461538,0.0,104
10787258285.jpg,71.8940677966,0.589383415677,0,0.0,0.0,0.381818181818,0.554545454545,0.0636363636364,110
10790803694.jpg,73.8564189189,0.539260275191,0,0.0,0.0214285714286,0.328571428571,0.642857142857,0.00714285714286,140
10791502435.jpg,70.8130252101,0.498621954201,2,0.0,0.0,0.318181818182,0.663636363636,0.0181818181818,110
10792125886.jpg,71.2224409449,0.54652709033,0,0.0,0.015503875969,0.46511627907,0.511627906977,0.0077519379845,129
10798439785.jpg,60.025,0.597672311394,0,0.0,0.117647058824,0.627450980392,0.254901960784,0.0,102
10799367156.jpg,73.6,0.533150151692,0,0.0,0.0,0.295238095238,0.657142857143,0.047619047619,105
10799853136.jpg,69.6985981308,0.555823912928,0,0.0,0.018691588785,0.476635514019,0.495327102804,0.00934579439252,107
10805317444.jpg,51.9380733945,0.528775907541,0,0.0,0.148514851485,0.722772277228,0.128712871287,0.0,101
10806677866.jpg,60.9054054054,0.572549280385,0,0.0,0.0679611650485,0.611650485437,0.320388349515,0.0,103
10813730303.jpg,40.0817307692,0.558515598019,2,0.0258064516129,0.522580645161,0.445161290323,0.00645161290323,0.0,155
10814874265.jpg,78.2075471698,0.503357996099,0,0.0,0.0188679245283,0.235849056604,0.735849056604,0.00943396226415,106
10819001424.jpg,20.7702702703,0.587316144781,0,0.278846153846,0.625,0.0961538461538,0.0,0.0,104
10819132874.jpg,75.7798165138,0.531153932759,0,0.0,0.00970873786408,0.330097087379,0.640776699029,0.0194174757282,103
10819329365.jpg,59.9911504425,0.417915619888,0,0.0,0.019801980198,0.80198019802,0.178217821782,0.0,101
10827568885.jpg,77.4872881356,0.569498828859,0,0.0,0.00917431192661,0.229357798165,0.678899082569,0.0825688073394,109
10828147985.jpg,54.1184210526,0.571853362852,0,0.00925925925926,0.138888888889,0.703703703704,0.148148148148,0.0,108
10828395135.jpg,74.0714285714,0.569921432371,0,0.0,0.0,0.355140186916,0.588785046729,0.0560747663551,107
10829329963.jpg,78.796728972,0.467229761627,0,0.0,0.00934579439252,0.252336448598,0.738317757009,0.0,107
10836905604.jpg,75.9932432432,0.508634750058,2,0.0,0.0,0.300970873786,0.669902912621,0.0291262135922,103
10843403305.jpg,69.9299065421,0.574215703707,0,0.0,0.00961538461538,0.490384615385,0.471153846154,0.0288461538462,104
10847909336.jpg,24.1142241379,0.448942829243,0,0.125,0.798076923077,0.0769230769231,0.0,0.0,104
10849117054.jpg,56.8684210526,0.538898791272,0,0.0,0.101851851852,0.703703703704,0.194444444444,0.0,108
10849700404.jpg,73.0065789474,0.59311871307,0,0.0,0.0280373831776,0.355140186916,0.588785046729,0.0280373831776,107
1084984228.jpg,34.8319327731,0.718879555874,2,0.101851851852,0.527777777778,0.324074074074,0.0462962962963,0.0,108
1085590803.jpg,24.0558035714,0.628242504682,1,0.238095238095,0.628571428571,0.12380952381,0.00952380952381,0.0,105
10856434794.jpg,44.0375,0.571941931224,0,0.00884955752212,0.398230088496,0.557522123894,0.0353982300885,0.0,113
10856757.jpg,32.2954545455,0.751258995388,1,0.155963302752,0.54128440367,0.256880733945,0.045871559633,0.0,109
10858952303.jpg,45.5647321429,0.606715932559,0,0.00943396226415,0.405660377358,0.528301886792,0.0566037735849,0.0,106
10861031374.jpg,64.675,0.530967806042,2,0.0,0.0192307692308,0.557692307692,0.423076923077,0.0,104
10862487886.jpg,65.3037383178,0.581863065549,0,0.0,0.0467289719626,0.579439252336,0.364485981308,0.00934579439252,107
10864812016.jpg,56.8847826087,0.523396880674,0,0.0,0.11320754717,0.72641509434,0.160377358491,0.0,106
10865798996.jpg,76.4722222222,0.538891492236,2,0.0,0.0,0.23,0.69,0.08,100
10866463396.jpg,69.1029411765,0.621301604171,2,0.00961538461538,0.0192307692308,0.5,0.451923076923,0.0192307692308,104
10866561184.jpg,77.3304347826,0.46132473684,0,0.0,0.0,0.180952380952,0.771428571429,0.047619047619,105
10868390853.jpg,75.3149606299,0.550600041306,0,0.0,0.0153846153846,0.330769230769,0.630769230769,0.0230769230769,130
10872249945.jpg,77.0434782609,0.53827835712,0,0.0,0.00952380952381,0.190476190476,0.72380952381,0.0761904761905,105
10875461386.jpg,55.3888888889,0.57392958488,0,0.0,0.14953271028,0.672897196262,0.177570093458,0.0,107
10880314705.jpg,77.4210526316,0.570069754486,2,0.0,0.00900900900901,0.234234234234,0.675675675676,0.0810810810811,111
10882856833.jpg,62.0065789474,0.560929357895,0,0.0,0.0462962962963,0.638888888889,0.305555555556,0.00925925925926,108
10883456586.jpg,28.8793103448,0.583248864755,1,0.105769230769,0.711538461538,0.163461538462,0.0192307692308,0.0,104
1089100444.jpg,64.6228813559,0.550095964837,0,0.0,0.0377358490566,0.584905660377,0.377358490566,0.0,106
10893404795.jpg,36.876146789,0.496044963749,0,0.0,0.58,0.42,0.0,0.0,100
10895044423.jpg,32.474789916,0.654839014748,0,0.119266055046,0.51376146789,0.366972477064,0.0,0.0,109
10897840884.jpg,74.8305084746,0.6407122048,0,0.0,0.0283018867925,0.264150943396,0.622641509434,0.0849056603774,106
10898287705.jpg,44.2212389381,0.652977662092,0,0.00934579439252,0.392523364486,0.504672897196,0.0934579439252,0.0,107
10898689245.jpg,64.1794871795,0.585031541681,0,0.0,0.0446428571429,0.553571428571,0.392857142857,0.00892857142857,112
10899733355.jpg,73.9904580153,0.516444688499,0,0.0,0.0077519379845,0.364341085271,0.62015503876,0.0077519379845,129
10900020096.jpg,69.3783783784,0.556267887141,0,0.0,0.0283018867925,0.433962264151,0.537735849057,0.0,106
10905088155.jpg,63.7139830508,0.611417840516,0,0.0,0.0648148148148,0.546296296296,0.37962962963,0.00925925925926,108
10905114716.jpg,50.0695652174,0.526756611228,1,0.0,0.219047619048,0.704761904762,0.0761904761905,0.0,105
10906887886.jpg,43.1061320755,0.587599151268,0,0.00980392156863,0.441176470588,0.509803921569,0.0392156862745,0.0,102
1090979049.jpg,57.5304347826,0.422211291327,0,0.0,0.0462962962963,0.814814814815,0.138888888889,0.0,108
10910262455.jpg,42.1763392857,0.627805060619,0,0.0190476190476,0.409523809524,0.514285714286,0.0571428571429,0.0,105
10911046243.jpg,76.2339449541,0.508821851315,2,0.0,0.0,0.271844660194,0.68932038835,0.0388349514563,103
10911095273.jpg,71.3805309735,0.581863065549,0,0.0,0.00934579439252,0.364485981308,0.579439252336,0.0467289719626,107
10912602716.jpg,74.9510869565,0.51818161832,2,0.0,0.00751879699248,0.330827067669,0.646616541353,0.015037593985,133
10915557435.jpg,39.1836283186,0.521163814565,0,0.0,0.504761904762,0.485714285714,0.00952380952381,0.0,105
10917741563.jpg,75.9439252336,0.52639239051,0,0.0,0.00943396226415,0.320754716981,0.650943396226,0.0188679245283,106
10921653346.jpg,79.6176470588,0.671997038972,0,0.0,0.00917431192661,0.174311926606,0.577981651376,0.238532110092,109
10921880365.jpg,68.5065217391,0.555854620359,0,0.0,0.0190476190476,0.438095238095,0.533333333333,0.00952380952381,105
10923819485.jpg,40.8275862069,0.646873031394,1,0.00934579439252,0.495327102804,0.420560747664,0.0747663551402,0.0,107
10925112255.jpg,22.7924528302,0.752861153097,0,0.326530612245,0.459183673469,0.204081632653,0.0102040816327,0.0,98
10927420963.jpg,64.9551282051,0.553005339771,0,0.0,0.018018018018,0.504504504505,0.468468468468,0.00900900900901,111
10931213005.jpg,47.0625,0.611129367822,0,0.0,0.364485981308,0.551401869159,0.0841121495327,0.0,107
10932590295.jpg,38.4144736842,0.659554482146,0,0.0555555555556,0.490740740741,0.416666666667,0.037037037037,0.0,108
